{
  "main": {
    "id": "486cab6708f95b0f",
    "type": "split",
    "children": [
      {
        "id": "1f882e7c97407599",
        "type": "tabs",
        "children": [
          {
            "id": "145722a1dfc53f5e",
            "type": "leaf",
            "state": {
              "type": "markdown",
              "state": {
                "file": "Diagrama de flujo de datos.md",
                "mode": "preview",
                "source": false
              },
              "icon": "lucide-file",
              "title": "Diagrama de flujo de datos"
            }
          }
        ]
      }
    ],
    "direction": "vertical"
  },
  "left": {
    "id": "f2fa65f521fca08b",
    "type": "split",
    "children": [
      {
        "id": "dd14ce2ae344936a",
        "type": "tabs",
        "children": [
          {
            "id": "74585ace190844cd",
            "type": "leaf",
            "state": {
              "type": "file-explorer",
              "state": {
                "sortOrder": "alphabetical",
                "autoReveal": false
              },
              "icon": "lucide-folder-closed",
              "title": "Explorador de archivos"
            }
          },
          {
            "id": "fee6d4d3dec13b8e",
            "type": "leaf",
            "state": {
              "type": "search",
              "state": {
                "query": "",
                "matchingCase": false,
                "explainSearch": false,
                "collapseAll": false,
                "extraContext": false,
                "sortOrder": "alphabetical"
              },
              "icon": "lucide-search",
              "title": "Buscar"
            }
          },
          {
            "id": "9b9908b0f7753d6e",
            "type": "leaf",
            "state": {
              "type": "bookmarks",
              "state": {},
              "icon": "lucide-bookmark",
              "title": "Marcadores"
            }
          }
        ]
      }
    ],
    "direction": "horizontal",
    "width": 200,
    "collapsed": true
  },
  "right": {
    "id": "6bc060067aed3496",
    "type": "split",
    "children": [
      {
        "id": "68507b279995c637",
        "type": "tabs",
        "children": [
          {
            "id": "7b18c5c727650b2e",
            "type": "leaf",
            "state": {
              "type": "backlink",
              "state": {
                "file": "Diagrama de flujo de datos.md",
                "collapseAll": false,
                "extraContext": false,
                "sortOrder": "alphabetical",
                "showSearch": false,
                "searchQuery": "",
                "backlinkCollapsed": false,
                "unlinkedCollapsed": true
              },
              "icon": "links-coming-in",
              "title": "Enlaces entrantes de Diagrama de flujo de datos"
            }
          },
          {
            "id": "6afaf2125c5ab88f",
            "type": "leaf",
            "state": {
              "type": "outgoing-link",
              "state": {
                "file": "Diagrama de flujo de datos.md",
                "linksCollapsed": false,
                "unlinkedCollapsed": true
              },
              "icon": "links-going-out",
              "title": "Enlaces salientes de Diagrama de flujo de datos"
            }
          },
          {
            "id": "9835abb897998ed8",
            "type": "leaf",
            "state": {
              "type": "tag",
              "state": {
                "sortOrder": "frequency",
                "useHierarchy": true,
                "showSearch": false,
                "searchQuery": ""
              },
              "icon": "lucide-tags",
              "title": "Etiquetas"
            }
          },
          {
            "id": "3fc5894255038698",
            "type": "leaf",
            "state": {
              "type": "outline",
              "state": {
                "file": "Diagrama de flujo de datos.md",
                "followCursor": false,
                "showSearch": false,
                "searchQuery": ""
              },
              "icon": "lucide-list",
              "title": "Esquema de Diagrama de flujo de datos"
            }
          }
        ]
      }
    ],
    "direction": "horizontal",
    "width": 300,
    "collapsed": true
  },
  "left-ribbon": {
    "hiddenItems": {
      "switcher:Abrir selector rápido": false,
      "graph:Abrir vista gráfica": false,
      "canvas:Crear nuevo lienzo": false,
      "daily-notes:Abrir la nota de hoy": false,
      "templates:Insertar plantilla": false,
      "command-palette:Abrir paleta de comandos": false
    }
  },
  "active": "145722a1dfc53f5e",
  "lastOpenFiles": [
    "Diagrama de flujo.md",
    "Diagrama de clases.md",
    "Diagrama de flujo de datos.md"
  ]
}